"loggdp","logpop","inf_mort","resource","full_inst","gwf_duration","dem_legacy","RL.EST"
8.90829461205079,15.8469896990339,17.1,0.4267580733361,0,4,"0",NA
8.93325884077871,15.8459973844369,15.1,0.4339800111649,0,5,"0",-1.2624931335449
9.00544248871983,15.8431983045055,13.2,0.2803730029324,0,6,"0",NA
9.03324900901708,15.839405694643,11.9,0.1091308033956,0,7,"0",-1.2604563236237
8.90736825568472,15.8357859215938,11.3,0.26911003412,0,8,"0",NA
8.98529251316094,15.832590673581,11,1.6078626760508,0,9,"0",-1.2718722820282
9.19168433501922,17.1180322160612,39.4,8.6764415336673,0,30,"0",NA
9.1484407309854,17.1400521758884,38.6,7.8452963793214,0,1,"0",NA
9.11888249769651,17.1605696993501,37.7,8.0960642883348,0,2,"0",NA
9.13724706984825,17.1795008617482,36.9,9.2491626661058,0,3,"0",NA
9.16003628426993,17.1968934222596,36.1,12.1958274746927,0,4,"0",-1.2181948423386
9.15494087171829,17.2129287742348,35.4,11.0934899759357,1,5,"0",NA
9.18977492259125,17.2278368496097,34.8,6.296310124178,1,6,"0",-1.1605622768402
9.20720229108751,17.2419081631979,34.4,8.8763407273981,1,7,"0",NA
9.23119100430057,17.2554047976428,33.9,15.2072414265168,1,8,"0",-1.2113356590271
9.24781678530811,17.2684193249351,33.3,14.0050551565551,1,9,"0",NA
9.28972094313336,17.2810916362793,32.4,13.945909693327,1,10,"0",-0.6301586031914
9.34657867519993,17.2937774316717,31.3,16.164188375701,1,11,"0",-0.5876440405846
9.37558618275298,17.3068866730204,30.1,18.0875771668724,1,12,"0",-0.6209092140198
9.41915083421034,17.3207206574126,28.8,24.309066842383,1,13,"0",-0.7508321404457
9.42125832862374,17.335317744526,27.6,26.4380131233209,1,14,"0",-0.7085912823677
9.43909035768312,17.3506581278772,26.4,24.9316331825032,1,15,"0",-0.7727456688881
9.44620451992033,17.3668711084597,25.3,26.9319358538405,1,16,"0",-0.7414688467979
8.24108271971116,16.378021945992,131.6,44.1336497418925,1,17,"0",NA
7.92437073188411,16.41104388282,132,40.3932987891922,1,18,"0",NA
7.92664853469218,16.443167506626,132.2,49.9097370793492,1,19,"0",NA
7.99515649992152,16.4735994894206,132,47.7319920087967,1,20,"0",NA
8.07276402999042,16.5021521548795,131.2,45.4510054769451,1,21,"0",-1.6304693222046
8.12147557093687,16.5294753002996,129.9,40.8504852384799,1,22,"0",NA
8.160154076147,16.5566291237383,128.1,23.4307599731518,1,23,"0",-1.7007533311844
8.16371273208032,16.5849547162411,125.8,47.4436283960795,1,24,"0",NA
8.16305933767702,16.6152841503925,122.9,60.52535581896,1,25,"0",-1.6633071899414
8.17194754790602,16.6477390642858,119.6,44.1867304961462,1,26,"0",NA
8.06590169571897,16.681854217154,115.8,37.155018703271,1,27,"0",-1.6173293590546
8.08178314951737,16.7171172448064,111.3,35.201810314318,1,28,"0",-1.5214102268219
8.14931806858344,16.7528568645432,106.6,44.3687710156678,1,29,"0",-1.4962785243988
8.28128673980157,16.7886158615185,101.5,59.2598412521491,1,30,"0",-1.4276609420776
8.43405405046351,16.8242774604362,96.3,53.6409767641541,1,31,"0",-1.3003143072128
8.6021088466933,16.8599228467644,90.9,50.8826637632945,1,32,"0",-1.3659036159515
8.69589735878558,16.895557325185,85.6,57.6325470220415,1,33,"0",-1.3669822216034
7.68403093826789,14.9840661107976,33.6,0.7318455123654,0,1,"1",NA
7.75641645026739,14.9686788957753,32.1,0.5111920464602,0,2,"1",-0.469098508358
7.80023755895895,14.9575290192863,30.6,0.5175582326875,0,3,"1",NA
7.87851499841749,14.9497100434763,29.2,0.1609545351117,0,4,"1",-0.3647018969059
7.91732875674657,14.9433634752847,27.8,0.1414265308024,0,1,"0",NA
7.98096339004748,14.9370539086031,26.6,0.3410563752811,0,2,"0",-0.4785657227039
8.07842192248522,14.9308668796256,25.3,0.277640564278,0,3,"0",NA
8.20779526480193,14.9253584897316,24.1,0.4394949857342,0,4,"0",-0.4232720136642
8.3444991690315,14.920040635263,23,0.4935129159187,0,5,"0",-0.302556425333
8.44976724722614,14.9143268258272,21.9,0.9521719879661,0,6,"0",-0.4226076602936
8.586087417131,14.9078562524822,20.8,0.8910172886555,0,7,"0",-0.4002491533756
8.71771907135065,14.9001929410989,19.8,1.773006755966,0,8,"0",-0.5464353561401
8.85518242766343,14.8915554408561,18.8,1.2877472960012,0,9,"0",-0.4983764886856
8.93040973243417,14.883051768144,17.9,1.0810711364859,0,10,"0",-0.3405265510082
8.75550385827214,15.8145551625721,75.9,13.0831103862567,0,1,"0",NA
8.24473016148073,15.8432639904854,76,15.0455263193677,0,1,"1",NA
8.10764998383908,15.8547809349548,75.1,17.3253750182108,0,2,"1",NA
8.11046773064463,15.8648794153878,73.5,22.3575445845941,0,3,"1",-1.2011615037918
8.1572013312955,15.8745261531249,71.2,18.3683295835149,0,4,"1",NA
8.24302013216237,15.8840175345913,68.2,4.324409684569,0,5,"1",-1.1397051811218
8.30563414666643,15.8927935215899,64.7,15.8233063382039,0,6,"1",NA
8.40267945096837,15.9010087212266,60.8,35.2031610227479,0,7,"1",-1.1499803066254
8.48933246699599,15.9087563806205,57,27.5274119286938,0,8,"1",NA
8.58262062704991,15.9162181164477,53.3,25.3753200897292,0,9,"1",-0.9086569547653
8.68120431545475,15.9237946260038,49.9,27.2129566060087,0,10,"1",-0.8365197777748
8.76957675699498,15.9325488988087,46.9,29.1272874331577,0,11,"1",-0.8747746348381
8.99363540318999,15.9427715547327,44.1,38.871983036565,0,12,"1",-0.791749894619
9.27904354685867,15.9537574204768,41.7,44.5567587078971,0,13,"1",-0.8850427269936
9.49124046288632,15.9650959751384,39.5,38.852786803657,0,14,"1",-0.8793099522591
9.57254956999822,15.9860945154643,37.5,38.1579652578955,0,15,"1",-0.8324519395828
7.71964891246763,18.8181527521806,43.5,1.2988811370944,0,1,"1",-0.7501395940781
8.91483958700871,16.1394656766945,12.2,0.619932518963,0,1,"0",NA
8.83354753980102,16.141714516557,12.3,0.6331083815559,0,2,"0",NA
8.71029013819144,16.1405418397881,12.4,0.6402834645136,1,3,"0",NA
8.60370724209907,16.1373098698821,12.4,0.7529391653951,0,1,"0",NA
8.63466327888648,16.1339690001146,12.2,0.914597510134,0,2,"0",-0.7989839911461
8.7468616853194,16.129727735188,11.9,0.7425854199832,0,3,"0",NA
8.83227536862972,16.1249719548978,11.4,0.1552976437388,0,4,"0",-0.9349635243416
8.86991621689747,16.1207658827142,10.7,0.7601612965228,0,5,"0",NA
8.93100786368514,16.1160545693678,10,1.7566483508801,0,6,"0",-1.1338077783585
8.9823081334075,16.1109249024843,9.2,1.3880338144421,0,7,"0",NA
9.03789497864763,16.10455924582,8.4,1.217963084968,0,8,"0",-1.3359475135803
9.11295530743917,16.0975611539108,7.7,1.1780150085485,0,9,"0",-1.1942193508148
9.22818056938099,16.0907394591884,7.2,1.222466673752,0,10,"0",-1.261962890625
9.32485132898089,16.0839094035883,6.5,1.3671808667575,0,11,"0",-1.2275896072388
9.42628447076553,16.0777864416079,6,1.3608070170346,0,12,"0",-1.33436191082
9.51337416763477,16.0731979662517,5.5,1.1595916151706,0,13,"0",-1.2092275619507
9.61395502890937,16.0697438157087,5,1.1846769671786,0,14,"0",-1.0626983642578
9.04658834277854,14.1910888033583,44.3,0.2684030739897,1,26,"0",NA
9.03922556345972,14.2174313925489,46.1,0.0628783129954,1,27,"0",NA
9.04980297110298,14.2424905521068,47.8,0.3106581745723,1,28,"0",NA
9.09422739865669,14.2660089406918,49.4,0.4534159453678,1,29,"0",NA
9.12884982418917,14.2880484731928,50.6,0.2142583447581,1,30,"0",0.5845210552216
9.18534144678536,14.3087636858414,51.5,0.2191545127353,1,31,"0",NA
9.17318951696956,14.3281096082794,52,0,1,32,"0",0.6780506372452
9.24752200680861,14.3460576292609,52.8,0,1,33,"0",NA
9.25058965896002,14.3626719682508,52.2,1.0021264103042,1,34,"0",0.5947238206863
9.23782185459021,14.3779423771592,51.4,0,1,35,"0",NA
9.28259135898749,14.3920975174253,50.4,0.0001233301705,1,36,"0",0.5702705383301
9.31420489387615,14.4057048776935,49.3,1.0887986757353,1,37,"0",0.730522274971
9.32714805017098,14.4194603375607,47.9,2.6801207612656,1,38,"0",0.6527845859528
9.35731274222198,14.4338544477695,44.2,3.2787595894475,1,39,"0",0.6399989724159
9.42245769162897,14.4490340531038,42.9,7.4279726696473,1,40,"0",0.6225432753563
9.48609000677683,14.4649221285458,43.4,8.6142103228655,1,41,"0",0.6498755216599
9.5301269186292,14.4814668954531,42.8,4.862543022058,1,42,"0",0.6959755420685
6.74624321000538,16.0452144798226,98.4,0.0706902767003,0,5,"0",NA
6.75317500864614,16.0723109458687,98.3,0,0,6,"0",NA
6.7389661498423,16.0995841657793,97.9,0.0856333674557,0,7,"0",NA
6.76709661829802,16.1270433010773,97.3,0.1209798836429,0,8,"0",NA
6.84394050246967,16.1546922510596,96.3,0.0840576757251,0,9,"0",-0.9332216382027
6.87735710631095,16.1825291040764,95.2,0.0479341695851,0,10,"0",NA
6.91985810758176,16.2105585082572,94,0.0119535853271,0,11,"0",-0.7473957538605
6.96306429574453,16.2387812257251,92.8,0,0,12,"0",NA
6.95268418266341,16.2672000769796,91.6,0.0023458371476,0,13,"0",-0.6203501224518
6.98813451387031,16.2957887630083,90.2,0.0013737656849,0,14,"0",NA
7.00198382749978,16.3245486873272,88.6,0.0187030647662,0,15,"0",-0.651758491993
7.04812961774581,16.353533002876,86.7,0.0275304063507,0,16,"0",-0.5402953624725
7.06266488112124,16.382808616605,84.3,0.085720304805,0,17,"0",-0.5669358968735
7.11614369073314,16.4124004943686,81.4,0.1160935455353,0,18,"0",-0.5200291275978
7.146907340955,16.442291193555,78.4,0.2531212991204,0,19,"0",-0.4310351610184
7.17179818679997,16.4724092791842,75.2,0.3922580776465,0,20,"0",-0.3993784189224
7.21195575709089,16.5026588958318,72.1,1.2056795715282,0,21,"0",-0.3448814451694
7.82801226070849,16.333927013261,93.2,5.7219476951117,0,9,"0",NA
7.71755766322404,16.3617381361106,96.1,4.0260762768567,0,10,"0",NA
7.71085990540704,16.3888599210024,98.8,4.3666664236711,0,11,"0",NA
7.72486738651069,16.415306727894,101.2,4.5655965459122,0,12,"0",NA
7.74704274557878,16.4410825100909,103,5.4959944731794,0,13,"0",-1.4418948888779
7.77358838499119,16.4663145531376,104.2,5.4080753523053,0,14,"0",NA
7.79641262453489,16.491283404909,104.2,2.5430924208901,0,15,"0",-1.0711545944214
7.81118800376332,16.5163273945819,102.9,3.7921297494099,0,16,"0",NA
7.82672585410177,16.541677914465,100.5,9.5055316940236,0,17,"0",-1.1988694667816
7.84517562947711,16.5673815806069,97.2,4.9604571458997,0,18,"0",NA
7.85847425520586,16.5933906312817,93.6,3.958730414642,0,19,"0",-1.2300299406052
7.87167528272613,16.6197082851682,90.1,3.4286425462993,0,20,"0",-1.0764354467392
7.88141937545717,16.6463140005391,86.9,5.0321040655924,0,21,"0",-1.185956120491
7.87726693307638,16.6731751655459,84.1,6.69928213589,0,22,"0",-1.207887172699
7.88188652445912,16.7002868012379,81.1,7.8004181790623,0,23,"0",-1.1545372009277
7.88660063861446,16.7276105933482,78.2,7.6931375998756,0,24,"0",-1.184692978859
7.88760043038167,16.7550432049537,75.1,9.1772029082382,0,25,"0",-1.0998584032059
7.52656801271035,20.8759611725595,41.1,3.10716926874,0,43,"0",NA
7.64493779170922,20.8874573668679,40.1,2.8053966781257,0,44,"0",NA
7.75631429322527,20.8987599731895,39,2.0773179950923,0,45,"0",NA
7.84935170134906,20.9096250646984,37.7,1.7942658111563,0,46,"0",NA
7.93352909448438,20.9201064798396,36.4,1.9248090390749,0,47,"0",-0.5455899834633
8.01158720139063,20.9303409800816,35,1.5536172352792,0,48,"0",NA
8.07744803213911,20.9399364841445,33.5,0.7859218338113,0,49,"0",-0.4570542573929
8.14266697823608,20.9485949980745,31.9,1.121591613617,0,50,"0",NA
8.21628913348962,20.956474564004,30.1,2.1065019390671,0,51,"0",-0.5271608233452
8.289128745709,20.9637383703824,28.3,1.4186659345557,0,52,"0",NA
8.36980431518868,20.97043836606,26.2,1.3741396004723,0,53,"0",-0.4977296292782
8.45920949713606,20.9766669754213,24.2,1.4854530868218,0,54,"0",-0.5298270583153
8.54959096029655,20.9826063035724,22.2,1.9188592558793,0,55,"0",-0.5293402075768
8.65162893324372,20.988487553468,20.3,3.0332509509077,0,56,"0",-0.5890847444534
8.76577724927376,20.9940712971417,18.6,3.6010929076936,0,57,"0",-0.6394754052162
8.89361045553084,20.9992940158057,17.1,4.1314400790003,0,58,"0",-0.5422143340111
8.98064899309026,21.004417885122,15.8,4.7927149964752,0,59,"0",-0.4197973608971
8.41706965810453,14.9301448067928,73.5,24.9422469912937,0,1,"1",-1.649973154068
8.36248488268223,14.9585683483141,74.4,42.437676547715,0,2,"1",NA
8.40741152809617,14.9866689091639,74.2,58.9583490901631,0,3,"1",-1.4160187244415
8.41718999886122,15.0142112893039,72.8,44.8627062815105,0,4,"1",NA
8.43480578476143,15.0413955276514,70.2,38.9849049997957,0,5,"1",-1.2482626438141
8.41530807957264,15.0689929818752,66.7,33.96734260135,0,6,"1",-1.1734433174133
8.42052258465104,15.0979540965992,62.8,41.2973877721328,0,7,"1",-1.1877549886704
8.46441186756213,15.128761802847,58.7,52.6007396767357,0,8,"1",-1.4725594520569
8.49206787031747,15.161598620401,54.8,55.5648670889892,0,9,"1",-1.2670880556107
8.44186903950423,15.195848716072,51.4,47.7116766511933,0,10,"1",-1.2352577447891
8.46168815916219,15.2302550973204,48.4,50.4678161552708,0,11,"1",-1.1953936815262
6.32684850161935,17.850512163145,93.5,9.0648621736096,0,9,"0",-1.6171572208405
6.35494728881312,17.8831271217696,91.2,8.5046933415822,0,10,"0",-1.6103793382645
6.38240957206412,17.9160626137706,88.9,10.1548573141322,0,11,"0",-1.559320807457
7.99647717862602,16.3929218648464,104.5,0.2650499419456,1,32,"0",NA
7.96022198503019,16.4272503525355,104.7,0.2737177421485,1,33,"0",NA
7.93502933958095,16.4605223388813,104.7,0.3633476280956,1,34,"0",NA
7.97191439665756,16.492470424628,104.7,0.2839906903775,1,35,"0",NA
8.01559251344042,16.5232439755626,104.5,0.7207700970431,1,36,"0",-0.7854351401329
8.02272860009683,16.5528597217274,104,0.6061308610813,1,37,"0",NA
8.04286045136647,16.5808576225811,103.2,0.2030834795234,1,38,"0",-0.8797795176506
8.0330739622755,16.6066899601534,102.1,0.3515119918235,0,39,"0",NA
7.98874878878231,16.6301142228786,100.7,0.6747161500542,0,1,"0",-1.1773842573166
7.96899299533707,16.6510829995135,96.9,0.5011952407953,0,1,"0",NA
7.93320435646206,16.6700545999761,95.1,0.8126341503409,0,2,"0",-1.2954816818237
7.90166220123946,16.6879081326078,93.2,0.9337913558747,0,3,"0",-1.370619058609
7.8960561750094,16.7057566412971,91.1,1.5324710819869,0,4,"0",-1.3720835447311
7.89448541032173,16.7243934232292,89,3.4464579847164,0,5,"0",-1.4795731306076
7.88991964880078,16.7440038674646,86.8,5.9448048520746,0,6,"0",-1.449098944664
7.8869573766559,16.7644625486835,83.7,4.6471343527287,0,7,"0",-1.4550505876541
7.89070868007958,16.7858217361487,81.5,5.4100788104502,0,8,"0",-1.4215307235718
8.69367616029593,17.9104472115324,57.7,10.1468088960809,0,40,"0",NA
8.70182617697298,17.9308922955719,55.1,8.8219397404013,0,41,"0",NA
8.72107216158598,17.9506090323891,52.3,6.9215195646334,0,42,"0",NA
8.74713953369295,17.9699209349188,49.6,6.6734722607713,0,43,"0",NA
8.77686974921469,17.9888735496199,46.8,7.4450954474846,0,44,"0",0.0012624410447
8.81174759355698,18.0074523342481,44.2,5.5824057585874,0,45,"0",NA
8.8329403794735,18.0258299442353,41.7,2.9267839780967,0,46,"0",-0.0404679216444
8.8738419689803,18.0441917052231,39.4,4.4345036473601,0,47,"0",NA
8.90766058205094,18.062661868771,37.3,6.1745479298748,0,48,"0",-0.0107841240242
8.92368274268819,18.0813816756045,35.5,5.1930129245669,0,49,"0",NA
8.92815307280474,18.100339354828,33.7,5.8272414247186,0,50,"0",0.0123452842236
8.94058473735802,18.119331594362,32.2,7.5438353377199,0,51,"0",0.0213655643165
8.96192374483356,18.1380777378447,30.8,9.9803679518807,0,52,"0",0.0195378512144
8.98738637026976,18.1564306394057,29.6,13.6851643571185,0,53,"0",-0.0241826940328
9.03585299193983,18.1742563854813,28.5,13.9657411011383,0,54,"0",-0.2578102052212
9.08687526337027,18.191736061065,27.4,12.8072338593672,0,55,"0",-0.2299755364656
9.13835176289301,18.2093901801135,26.3,15.4943376481831,0,56,"0",-0.1292502433062
8.49901001165445,15.5019708059523,41.8,0,1,10,"0",NA
8.55656683711734,15.5155201685828,39.7,0,1,11,"0",NA
8.60243370600852,15.5283972598716,37.6,0,1,12,"0",NA
6.2437593524956,17.7599575386562,115.5,0.0176180501658,0,1,"0",NA
6.33138972080457,17.7958080222161,112.3,0.0381315735259,0,2,"0",NA
6.32794738183632,17.8306517809779,108.8,0.0739370752903,1,3,"0",NA
6.35408669319053,17.8639835926503,105.2,0.0641436276168,1,4,"0",NA
6.43952269544522,17.8956741775686,101.7,0.0415478230642,1,5,"0",-0.9657885432243
6.44005661554901,17.9259982820213,98.4,0.0042406123789,1,6,"0",NA
6.37548892691713,17.9553724901582,95.1,0,1,7,"0",-0.7976123690605
6.39684982849543,17.9843448075728,92,0,1,8,"0",NA
6.42688032026801,18.0132737165388,88.8,0,1,9,"0",-0.9293212890625
6.47766980647036,18.042231260347,85.4,0,1,10,"0",NA
6.46385131230717,18.071083437202,81.7,0.047005661924,1,11,"0",-0.9398389458656
6.41336455550067,18.0997196019048,78,0.1189259240408,1,12,"0",-0.8281424045563
6.51237812274974,18.1279781564459,74.1,0.0931749453648,1,13,"0",-0.8613823056221
6.59630018556388,18.15576530701,70.2,0.1256297221155,1,14,"0",-0.936121404171
6.67186884357371,18.1830666094455,66.4,0.2218208024235,1,15,"0",-0.6598364710808
6.75343189751504,18.2099647620067,62.9,0.2374111935836,1,16,"0",-0.6488339304924
6.82927334478357,18.2365763027641,59.5,0.1975447713349,1,17,"0",-0.6970953345299
9.85251470515773,13.8201756594374,58.9,23.8993110395839,0,32,"0",NA
9.86486856217106,13.8465284893337,58.3,30.0905549633945,0,33,"0",NA
9.87533462149289,13.872517349199,57.9,30.2458396817926,0,34,"0",NA
9.89825511238548,13.8981379225325,57.4,29.0009199361588,0,35,"0",NA
9.90853962198139,13.9234623134585,56.8,32.7713313628608,0,36,"0",-0.6530522704124
9.93922421858933,13.9485753417438,56.3,30.8736475520277,0,37,"0",NA
9.94842688209097,13.9735599137825,55.6,16.2370691366298,0,38,"0",-0.353473007679
9.82994017716221,13.9984760740386,54.9,26.5926841386913,0,39,"0",NA
9.78597054512842,14.0234365066734,54,40.2800188136239,0,40,"0",-0.2058135867119
9.78212108801956,14.0484135308205,53,27.7814764134914,0,41,"0",NA
9.75447640283029,14.0735647782906,52,24.9260839063606,0,42,"0",-0.2236328274012
9.75097113462326,14.0992945427346,50.9,24.0779296286994,0,43,"0",-0.3695136010647
9.73105504383679,14.1260823993478,49.7,31.09032717709,0,44,"0",-0.5157500505447
9.74118978252299,14.1542131626074,48.5,38.3215665366372,0,45,"0",-0.4499161541462
9.67486767148493,14.1835119152232,47.3,37.8631089051556,0,46,"0",-0.737107694149
9.69968095696781,14.2137449204593,45.8,35.8825713211922,0,47,"0",-0.7019254565239
9.63482217153061,14.2449597350221,44.3,39.429583225267,0,48,"0",-0.6269710659981
7.3219258922622,13.7950200541353,77.5,0,1,27,"0",NA
7.32278840450958,13.8238338232897,75.5,0,1,28,"0",NA
7.29648692549238,13.851677574868,73.5,0,0,29,"0",NA
7.27731127132551,13.8796330550758,71.7,0,0,1,"0",NA
7.2711126557095,13.9078235233328,69.9,0,0,2,"0",0.0169812999666
7.29066697728605,13.9361065225129,68.1,0,0,3,"0",NA
7.29643088691047,13.9647440252359,66.4,0,0,4,"0",-0.0554243884981
7.32920215060633,13.9940081460337,64.7,0,0,5,"0",NA
7.35272827353724,14.0240227916816,63.1,0,0,6,"0",-0.2040494382381
7.37821425460767,14.0549171462761,61.5,0,0,7,"0",NA
7.31352460731044,14.0865669363193,59.9,0,0,8,"0",-0.344602137804
7.3478174969701,14.1187170013637,58.3,0,0,9,"0",0.1027907654643
7.3836973377224,14.1509629890463,56.7,0,0,10,"0",-0.4006833732128
7.34213008695474,14.1830688626949,55.2,0,0,11,"0",-0.3793815374374
7.3214055580196,14.2149716781547,53.7,0,0,12,"0",-0.3600652515888
7.32532502583059,14.2467187835998,52.3,0,0,13,"0",-0.3124894499779
7.34946014355157,14.2783460574436,51.1,0,0,14,"0",-0.4131198525429
7.59385156989715,16.5540158585428,75.3,0.5190694835775,0,11,"1",NA
7.61362276568472,16.5816052394927,73.8,0.7736722120338,0,12,"1",NA
7.61917007123225,16.6085251201256,72.6,1.8371725855509,0,13,"1",NA
7.63346275641813,16.6345335165918,71.6,0.96595352941,0,14,"1",NA
7.65341031920171,16.6595828473318,70.6,1.0886442964617,0,15,"1",-0.2335782498121
7.67019013664295,16.6839100165272,69.4,0.1756134004065,0,16,"1",NA
7.69212510960588,16.7079077078131,67.9,0.0463219235321,0,17,"1",-0.2757003307343
7.71102188175316,16.7320703950489,66.3,0.0387604667,0,18,"1",NA
7.72270292787737,16.7567212792775,64.5,0.0971157452227,0,19,"1",0.154609143734
8.57343658205496,16.0885168805174,55.6,0.173529248103,1,7,"0",NA
8.5885272957891,16.1119459804369,53.4,0.186994728932,1,8,"0",NA
8.60483977114687,16.1351786028958,51.3,0.17883180147,1,9,"0",NA
8.63018611320728,16.1581322811607,49.3,0.2023811691461,1,10,"0",NA
6.97029731169096,15.7263615397526,131.6,11.5651026735239,0,8,"0",NA
6.96139695932526,15.7844723921431,127.9,9.5468806895274,0,9,"0",NA
6.94850083843279,15.8363016762524,124.1,8.1023131380179,0,10,"0",NA
6.95113157890968,15.8787176563012,120.2,4.5342153330046,0,11,"0",NA
6.96211301906457,15.911385331407,116.4,5.5985672265016,0,12,"0",-1.4470801353455
6.98768407920421,15.9363324982278,112.6,5.1827021931567,0,13,"0",NA
7.00384498271832,15.9559645286066,108.7,4.8750037015055,0,14,"0",-1.1961568593979
7.02371542863495,15.9735055065519,104.7,4.2019131305732,0,15,"0",NA
7.03071046190354,15.9912329445642,100.7,5.5475831974304,0,16,"0",-1.3864326477051
7.04835037685578,16.0095232047921,96.7,5.9466811597954,0,17,"0",NA
7.08034980761001,16.027880419832,92.8,5.071259892678,0,18,"0",-1.028834104538
7.0740556100388,16.0465833225894,89.1,4.1305933263592,0,19,"0",-1.0900671482086
7.07799719536058,16.0657733009588,85.7,5.1234968294997,0,20,"0",-1.2595703601837
7.08775670229424,16.0855461159306,82.5,10.295227409606,0,21,"0",-1.3720006942749
7.09179592021235,16.1061675936929,79.6,14.3159327599615,0,22,"0",-1.4046667814255
7.08766578172117,16.127721869887,76.9,11.6158698933329,0,23,"0",-1.4447139501572
7.11367826540663,16.1498987290443,74.4,10.8045139310308,0,24,"0",-1.5291947126389
7.37103640081366,13.8764174928678,125.2,0,0,12,"0",NA
7.36786188522697,13.9003745476339,122.9,0,0,13,"0",NA
7.37667951428151,13.9230555858369,120.6,0,0,14,"0",NA
7.39878352276729,13.9440110668885,118.3,0,0,15,"0",NA
7.48942556383348,13.9631198897481,115.7,0,0,16,"0",-1.6729061603546
7.53472663900024,13.9807936137427,113.1,0,0,17,"0",NA
7.18786533449402,13.9977612789161,110.5,0,0,18,"0",-1.8023055791855
7.18081773324255,14.0150120246903,107.9,0,0,19,"0",NA
7.17204705559852,14.094052486273,96.3,0,0,1,"1",-1.1406984329224
7.46129120205422,15.9613482692838,74.8,0,0,1,"1",-1.4633973836899
7.43416195819864,15.9779788506285,72.6,0,0,2,"1",NA
7.41542155388517,15.9942014425662,70.6,0,0,3,"1",-1.7677505016327
7.40312799610828,16.0101264021799,68.7,0,0,4,"1",-1.7945910692215
7.35149978339198,16.0258902264095,67,0,0,5,"1",-1.716059923172
8.53481085653222,19.0507075227014,57.2,6.0209131139713,0,26,"0",NA
8.58130643389918,19.0671530173585,54.9,4.7029157008309,0,27,"0",NA
8.63806529373593,19.0830865741363,52.8,4.2534959278936,0,28,"0",NA
8.7016476431274,19.0985002993416,50.6,4.2700494895976,0,29,"0",NA
8.7620221231978,19.1134019888146,48.6,4.3975841659991,0,30,"0",-0.4898703098297
8.79349056762704,19.1278613191948,46.6,4.1054147858746,0,31,"0",NA
8.63862722461166,19.142004918127,44.7,5.1986621903011,0,32,"0",-0.7827357649803
8.63252298313765,19.1559892904741,42.8,5.1451982745826,0,33,"0",NA
9.31586966664053,17.8928991433335,38.7,26.5815183881687,0,14,"0",NA
9.28637674209478,17.9052633440999,37.2,21.1093213964944,0,15,"0",NA
9.29596335740607,17.919403456059,35.7,17.9009097248515,0,16,"0",NA
9.34103925362751,17.9358978615929,34.2,18.3833609610137,0,17,"0",-0.940338909626
9.33631037704582,17.9540403646357,32.7,17.1971767871298,0,18,"0",NA
9.33809771223811,17.9728397784541,31.2,10.1901218987948,0,19,"0",-0.6720464229584
9.33990518778106,17.9908613635103,29.7,15.9437906671724,0,20,"0",NA
9.38041601362904,18.0071610949451,28.2,31.1099517422673,0,21,"0",-0.5075056552887
9.38957603602049,18.0216411578909,26.8,21.0934483038174,0,22,"0",NA
9.4541347835098,18.0347730860281,25.4,20.9241838732445,0,23,"0",-0.7775793075562
9.52487182147686,18.0468990678102,24,22.7623871908757,0,24,"0",-0.6429738998413
9.55570276216382,18.0585207847831,22.8,25.8694411907139,0,25,"0",-0.664922952652
9.58543529904419,18.0700135884863,21.6,33.0937801796188,0,26,"0",-0.8289268612862
9.62952894711644,18.0813948727712,20.4,34.8237040934336,0,27,"0",-0.9469782114029
9.70555813444697,18.0926085698123,19.3,29.7260880372022,0,28,"0",-0.9749994277954
9.70350936788323,18.1038518944983,18.3,33.5261087687694,0,29,"0",-0.909969329834
8.82645956691633,15.1938226453355,28.3,0.02767922374,0,46,"0",NA
8.81747560541875,15.2480754831541,27.6,0.0296874573612,0,47,"0",NA
8.81801719858426,15.2961949029107,26.9,0.0352902141224,0,48,"0",NA
8.83857840328731,15.3356590096361,26.2,0.0345070741086,0,49,"0",NA
8.82834539192593,15.366550629963,25.6,0.0407131041701,0,50,"0",0.2769328951836
8.83661334399835,15.3908262736927,25,0.0472605030685,0,51,"0",NA
8.84651364008442,15.4104259268932,24.5,0.0300760079401,0,52,"0",0.3541394472122
8.8625421286549,15.4279238395941,23.9,0.0267415915868,0,53,"0",NA
8.88667741866539,15.4453646349323,23.4,0.0489049719175,0,54,"0",0.3691096901894
8.92047226829247,15.4629149357732,22.8,0.0559577807807,0,55,"0",NA
8.95876700848757,15.4808538328305,22.3,0.036518247137,0,56,"0",0.1121533885598
8.97907699167276,15.5013119256082,21.7,0.039938853404,0,57,"0",0.3568603396416
9.03587935298782,15.5267096160891,21.1,0.0435526567251,0,58,"0",0.3160516321659
9.08245705509648,15.5584492875555,20.6,0.0585499059349,0,59,"0",0.3252741098404
9.1224830122228,15.5962481757994,20.1,0.06758079917,0,60,"0",0.3326735198498
9.15835691424948,15.638961020717,19.5,0.5741522488794,0,61,"0",0.3873698711395
9.18140060834636,15.6857456614937,19,8.222072395263,0,62,"0",0.4115451574326
9.30003391617221,16.6151728974153,44.4,5.7745016705533,0,1,"0",NA
9.21015579026916,16.6085401229151,44.6,5.1923358032942,0,2,"0",NA
9.08998942317246,16.5940315867268,44.7,5.525760124245,0,3,"0",NA
9.02195412488919,16.5765089966132,44.4,6.5209657463791,0,4,"0",NA
9.04208724706301,16.561363415971,43.6,8.7519438520662,0,5,"0",-1.1865377426148
9.07474400590521,16.5455637741903,42.3,8.1226577253443,0,6,"0",NA
9.07282212970159,16.528302830983,40.7,2.3256524642503,0,7,"0",-1.0673581361771
9.10898915297042,16.5187777386396,38.9,9.4898059126367,0,8,"0",NA
9.20548499423776,16.5157722404791,37.1,23.7971533195988,0,9,"0",-1.1074112653732
9.33381834042057,16.5140715452159,35.2,17.6656159309139,0,10,"0",NA
9.42726742806771,16.5141128006698,33.4,18.743072461991,0,11,"0",-1.1426690816879
9.51282961519929,16.5174768227342,31.6,19.5869139294694,0,12,"0",-1.0306686162949
9.59754757519615,16.5244260512599,29.9,21.5176268840371,0,13,"0",-1.0088906288147
9.68123784266418,16.5333149650779,28.2,25.6912832054613,0,14,"0",-0.8654316067696
9.77231484862899,16.5438916128396,26.5,25.2639323582303,0,15,"0",-1.0155873298645
9.84613611491986,16.5553301904995,24.8,22.0756917259868,0,16,"0",-0.9477491378784
9.86641964896392,16.5675138465949,22.9,22.9452456454731,0,17,"0",-0.8240984082222
7.71669211140442,17.0329434623232,65.4,0.00020251414,1,29,"0",NA
7.68905638422144,17.0641049393029,66.2,0.0026618464084,1,30,"0",NA
7.68466527690587,17.0944832795442,66.9,0.0050309959635,1,31,"0",NA
7.69817009049263,17.1240974989114,67.1,0.0020591616803,1,32,"0",NA
7.7099218107974,17.1529774119742,67,0.0035379624231,1,33,"0",-1.021580696106
7.68641414199167,17.1812228589682,66.5,0.0004073046553,1,34,"0",NA
7.6910043345739,17.20900511557,65.5,0,1,35,"0",-1.0459469556809
7.68627806947838,17.2365235406947,64.3,0,1,36,"0",NA
7.66485575522619,17.2639248987034,62.8,0,1,37,"0",-0.8726286888123
7.67464019637438,17.2912426445263,61,0,1,38,"0",NA
7.65285423500562,17.3184823027189,59,0.0078220034153,1,39,"0",-0.8744457960129
11.302415819829,14.2921490030602,12.5,31.9100028927519,0,34,"0",NA
11.2954403691781,14.3051574880889,12.2,35.8927960012763,0,35,"0",0.598828971386
11.2699234822897,14.3551067122022,11.8,32.9990902120958,0,36,"0",NA
11.2377040490091,14.4232920974771,11.5,22.3553805525341,0,37,"0",0.6368447542191
11.1559871186235,14.486956970899,11.2,29.6489188049387,0,38,"0",NA
11.1551095228847,14.5337117492171,11,45.314619810682,0,39,"0",0.5727768540382
11.1341923191973,14.5618927715166,10.8,38.8674788892592,0,40,"0",NA
11.147537986699,14.5781059063481,10.6,32.6930909772639,0,41,"0",0.6140341162682
11.2955477631391,14.5898311912799,10.5,37.4523016790498,0,42,"0",0.5744020938873
11.3800242186568,14.6075700591859,10.3,44.1206228654157,0,43,"0",0.5190188288689
11.4453909203434,14.6382037626071,10.1,54.7013439069797,0,44,"0",0.5368099808693
11.4746454110918,14.681458280629,10,53.6942276967511,0,45,"0",0.5384738445282
11.4811295688281,14.7331643604355,9.9,49.8129990034105,0,46,"0",0.604888021946
11.4478370497855,14.7909528271985,9.7,54.6948144072766,0,47,"0",0.588170170784
6.40631142131948,14.752020301023,139.7,0,0,1,"0",-1.9278733730316
6.53359530830189,14.8214657443035,132.2,0,0,2,"0",NA
6.73185180964367,14.8748697596217,124.3,0,0,3,"0",-2.0085072517395
6.72432843848422,14.9111624690355,116.6,0,0,4,"0",NA
6.73756725178714,14.9348606574232,109.1,0.0053856509531,0,5,"0",-1.8134437799454
6.36154074427515,14.9521354585303,101.6,0.0093031608898,0,6,"0",-1.648952960968
9.9744450266214,15.4783305517507,25,17.0473833841924,0,30,"0",NA
9.99522554232352,15.4936814947947,24.2,30.2897934056947,0,31,"0",-0.9895156025887
9.96172736024502,15.5093936575376,23.5,26.9726992308187,0,32,"0",NA
9.93623735297173,15.5252489054143,22.7,45.7990163533178,0,33,"0",-1.1363031864166
10.0427238058827,15.5411216776427,21.9,46.2706670805212,0,34,"0",-0.8964424133301
10.0706838275718,15.5568112967401,20.9,55.8730556572495,0,35,"0",-0.9086056947708
10.1675619464988,15.5721069905238,19.8,61.6555298615816,0,36,"0",-0.9750819206238
10.2153375367329,15.5873113377191,18.6,66.4458989387727,0,37,"0",-1.0765212774277
10.2619178963284,15.6023181200464,17.3,59.3151064064852,0,38,"0",-0.9514513015747
10.2744825759446,15.6160774609629,16.1,61.3213708652835,0,39,"0",-0.8242226243019
7.29824056373553,16.3252184323303,92.3,0,0,17,"0",NA
7.28902944175582,16.3551783986962,90,0,0,18,"0",NA
6.58935997629365,16.090695368436,126.7,0,0,28,"0",NA
6.67918176044808,16.0933783805639,122.3,0,0,29,"0",NA
6.56694304753741,16.0975843245943,118.7,0,0,30,"0",NA
9.38771455791143,16.7606189972028,13,5.1313548119399,1,35,"0",NA
9.45702136209379,16.7856668876557,12.4,4.3506692119775,1,36,"0",NA
9.52022208619658,16.8105873167154,11.9,3.6673758264918,1,37,"0",NA
9.5888439348551,16.8357206405522,11.5,3.5038418944394,1,38,"0",NA
9.65875640696553,16.8611429033218,11.1,3.8315161145275,1,39,"0",0.5210909843445
9.7039724494929,16.886597258667,10.6,3.4491098835706,1,40,"0",NA
9.60242963487511,16.9116972117515,10.1,2.2916550399148,1,41,"0",0.3034183979034
9.63774522029975,16.9359478989835,9.5,3.2502608908264,1,42,"0",NA
9.6995328890483,16.9590422993155,8.7,5.5394433010696,1,43,"0",0.2731183767319
9.68279910120709,16.9809394868984,8.1,4.435018217907,1,44,"0",NA
9.71443147725377,17.0018140576885,7.6,4.43841658713,1,45,"0",0.4508346617222
9.75066083143444,17.0218563285523,7.3,5.0196018254016,1,46,"0",0.5239099264145
9.79682320730697,17.0413266036884,7.1,6.263364639807,1,47,"0",0.517963051796
9.82967795119674,17.060420261377,7,7.9276044047709,1,48,"0",0.4970897138119
9.86532921781776,17.0791136761369,6.8,7.9718846108606,1,49,"0",0.4673473238945
9.93714352765669,17.0973929185795,6.8,6.9331272844424,1,50,"0",0.4377053380013
9.95174064876255,17.1154526526414,6.8,8.22356889068,1,51,"0",0.3449330627918
9.47736511451711,18.3022159634608,33.4,2.7540581132343,1,77,"0",NA
9.49742247898875,18.3219697710007,32,1.8944423756998,1,78,"0",NA
9.52449538845008,18.341087027967,30.5,1.6843939563573,1,79,"0",NA
9.44698082607685,18.3592901056952,29.2,2.9023509725138,1,80,"0",NA
9.48675996530117,18.3765977297491,27.8,3.4530498667152,1,81,"0",-0.7266463637352
9.53754759747545,18.3931218522559,26.5,2.622752616198,1,82,"0",NA
9.56779067342867,18.4088253051329,25.1,1.1214355590844,1,83,"0",-0.5106046199799
9.57925463608837,18.4236820255975,23.8,1.853469587261,1,84,"0",NA
9.61681512365677,18.437731283806,22.5,3.2111367346541,1,85,"0",-0.3826113343239
8.32650879854148,14.623548595862,71.5,7.4120381289589,1,71,"0",NA
8.28556625312582,14.6322902989695,68.9,7.8874203846961,1,72,"0",NA
8.28401599835357,17.0655553056097,58.1,0.354939027953,0,36,"0",NA
8.25930493796958,17.0826970796949,55.9,0.0275752359486,0,37,"0",NA
8.34355524838426,17.0989392038678,53.7,0.0423183479262,0,38,"0",NA
8.27262619176612,17.114129919605,51.6,0.0587346008176,0,39,"0",NA
8.37497117669841,17.1282629172764,49.5,0.0348037538733,0,40,"0",0.2212313115597
8.34584041965456,17.141477835554,47.5,0.2934504618995,0,41,"0",NA
8.40300934769721,17.153954952363,45.6,0.4096345850255,0,42,"0",0.2325185388327
8.40143808331304,17.1659337385568,43.8,0.4846350617049,0,43,"0",NA
8.40822805499076,17.177607413917,42,0.5395067640469,0,44,"0",0.129316881299
8.46678210429225,17.1890568818161,40.4,0.475698015741,0,45,"0",NA
8.48549401793982,17.2003199876848,38.8,0.416543941161,0,46,"0",-0.0203135255724
8.53143475708853,17.2114922615942,37.3,0.1609875724119,0,47,"0",-0.0757260173559
8.56642156373645,17.2226663198371,35.9,0.193750298073,0,48,"0",-0.0325502157211
8.58702943621314,17.2339278227437,34.6,0.2589607828097,0,49,"0",-0.1649063229561
8.64838342795457,17.2452742106368,33.3,0.5776627763278,0,50,"0",-0.2897126376629
8.67146024855984,17.2567578281495,32.1,1.3339305456487,0,51,"0",-0.2987185120583
8.71716562502314,17.2685681482877,30.9,8.137905610255,0,52,"0",-0.3033495247364
5.87010036234212,16.4596429163793,161.9,0.0313134993063,0,17,"0",NA
5.91471959038654,16.499062785866,159.3,0.0164537980882,0,18,"0",NA
5.93562219168911,16.537926673401,155.7,0.0477045905726,1,19,"0",NA
5.92274479445218,16.5729305647351,151.2,0.0234872949998,1,20,"0",NA
6.12997891884569,16.6034946608209,145.6,0.0039208074203,1,21,"0",-0.8056899309158
6.20540927067507,16.6310001723185,138.9,0.0022626194192,1,22,"0",NA
6.2917443398863,16.656737588841,131.6,0.0013990832256,1,23,"0",-0.7993342280388
6.3412531213099,16.6825493743316,124.4,0.0013168599613,1,24,"0",NA
6.33081256145559,16.7096356521618,117.5,0.0018236084402,1,25,"0",-0.7273961305618
6.4221259161248,16.7380675473528,111,0.002423143308,1,26,"0",NA
6.47720691710967,16.7672730754909,105,0.0024810640714,1,27,"0",-0.6395143866539
6.51048911111288,16.7969713770433,99.6,0.0049866666811,1,28,"0",-0.672806084156
6.55591461218541,16.826757110311,94.5,0.3362236944973,1,29,"0",-0.6701969504356
6.60992051351027,16.8563629359163,89.8,0.7579935633331,1,30,"0",-0.6165874004364
6.67447002909316,16.8857686413657,85.4,1.2212749512806,1,31,"0",-0.611657500267
6.71679168878762,16.9150796018656,80,1.1922749179738,1,32,"0",-0.5978227257729
6.75405252749335,16.9443197834002,76.3,1.5083718861981,1,33,"0",-0.6069390177727
7.17506363628847,17.6462250649436,65.6,1.4165627016686,0,12,"0",-1.4239449501038
7.27103134868613,17.6577116483438,64.1,2.4941686574235,0,13,"0",NA
7.37366233249909,17.6686371224109,62.6,3.0218375796166,0,14,"0",-1.7139629125595
7.49309216611954,17.6788661656869,61,2.5639147264584,0,15,"0",-1.7007231712341
7.6109145727879,17.6882459536016,59.4,3.4599561884218,0,16,"0",-1.7397909164429
7.72968466463998,17.6967158174137,57.8,5.0121163964081,0,17,"0",-1.7317320108414
7.84509859793633,17.7041927537047,56.2,5.4941780780442,0,18,"0",-1.5333849191666
7.95171706864191,17.7108264943082,54.5,4.4752211908007,0,19,"0",-1.5477471351624
8.04309791826086,17.7170740933499,57,3.3943575938496,0,20,"0",-1.5418187379837
8.73185948563096,14.230081415945,46.5,1.2186551795661,1,2,"0",NA
8.68583395191795,14.2601854817304,46.1,0.5971521384672,1,3,"0",NA
8.67346616033071,14.2897041470557,46,0.9173491172309,1,4,"0",NA
8.6818910696955,14.3195284616989,46.2,0.966769333078,1,5,"0",NA
8.68288552601594,14.3499486013661,46.7,0.5405302340793,1,6,"0",0.2514122724533
8.69391634023016,14.3802526126849,47.2,0.688505542918,1,7,"0",NA
8.69740462181754,14.4091500615416,47.7,0.1013778324993,1,8,"0",0.3122132718563
8.70465850000063,14.435033803052,48.2,0.0649260486521,1,9,"0",NA
8.71704488746951,14.4569733150241,48.5,0.1909708713302,1,10,"0",0.2214460223913
8.71083681326769,14.4748920396891,48.5,0.1417860130907,1,11,"0",NA
8.74295439953251,14.4895498398482,48.4,0.2958843975643,1,12,"0",0.3266379833221
8.77212554001542,14.5019024730093,48.1,0.3487581416749,1,13,"0",0.3157619833946
8.87649935909895,14.5132611266558,46.9,0.4606434451009,1,14,"0",-0.0028205390554
8.89011100668983,14.5246275397218,44.1,0.8444869794635,1,15,"0",-0.0663912817836
8.94693732328053,14.5361435197553,42.1,2.3324865999802,1,16,"0",0.1205517277122
8.9993169311892,14.5478375854579,41,5.5342787801399,1,17,"0",0.1018892675638
9.01282862383094,14.5604790185028,41.6,2.388839401356,1,18,"0",0.3484189212322
6.65411801406177,16.1359415612102,107,0.0583757667801,0,1,"1",NA
6.71694417248339,16.1722569835895,103.7,0.0147982262991,0,2,"1",-0.5590544342995
6.67484560713139,16.2086517297295,100.6,0,0,3,"1",NA
7.9675708497717,18.4228939230637,125.6,31.5497325861329,0,9,"1",NA
7.96322943115542,18.4479236335275,125.3,54.3290638165692,0,10,"1",NA
7.94735597394151,18.472853589921,124.6,40.6322456208977,0,1,"0",NA
7.91938220073848,18.4977479368616,123.6,27.3783044332472,0,2,"0",NA
7.94322876342103,18.5226315892854,122.2,30.9489109019435,0,3,"0",-1.2897229194641
7.94598405035778,18.5475134189324,120.2,28.3860162287398,0,4,"0",NA
7.94787101551205,18.5724206630869,117.8,13.8905844900517,0,5,"0",-1.2616357803345
7.92764405128813,18.5973787934269,115.2,22.5274148831322,0,6,"0",NA
10.513819481231,14.500261085089,26.7,27.784250738643,0,251,"0",NA
10.5286762255952,14.5440784523552,24.4,27.0291012474737,0,252,"0",NA
10.5305332294541,14.5802469698833,22.4,24.3960255172796,0,253,"0",NA
10.5536272302125,14.6059128439158,20.7,26.943726591137,0,254,"0",NA
10.5690478741832,14.6204969222171,19.1,32.8209680076071,0,255,"0",0.5501597523689
10.6217899281945,14.6263398802021,17.7,28.6168224229475,0,256,"0",NA
10.6469363603661,14.6272737604845,16.5,18.1906958409853,0,257,"0",0.4500440359116
10.6443371058052,14.6286241666214,15.3,27.5985823277885,0,258,"0",NA
10.6911617707719,14.6344049755679,14.3,42.6230678660355,0,259,"0",0.5580621361732
10.7232651275605,14.6461505867121,13.4,35.3028138453769,0,260,"0",NA
10.6951328591814,14.6632161923432,12.6,32.7330406532795,0,261,"0",0.4719367325306
10.6464801253304,14.6848165948282,12,33.268030957111,0,262,"0",0.4913110435009
10.6346812450316,14.7094538352142,11.5,37.2108813226701,0,263,"0",0.5226349234581
10.6324358382957,14.7362987610359,11,44.709880909812,0,264,"0",0.3148483335972
10.6566034199296,14.7644585877513,10.7,43.4247431504004,0,265,"0",0.2947117686272
10.6697516166011,14.7948744879144,10.5,39.9137259980395,0,266,"0",0.4123771190643
10.7130505461108,14.8303839274888,10.3,39.6697839922689,0,267,"0",0.593788087368
8.15906337018322,18.7465489922043,88.1,1.401709301631,0,1,"1",-0.9287442564964
8.15671636228703,18.7685268874775,86.3,1.418652084862,0,2,"1",NA
8.16712238282495,18.7898562305248,84.7,1.3272814049421,0,3,"1",-0.7777725458145
8.19358732161517,18.8107167736414,83.1,1.3285274014162,0,4,"1",-0.7742093801498
8.24406704845472,18.8313343683997,81.7,1.6162924109752,0,5,"1",-0.8769778609276
8.29740077707755,18.8518764103517,80.3,2.4654398252584,0,6,"1",-0.8904083371162
8.3368647535975,18.872354865703,78.9,2.8021535787557,0,7,"1",-0.8564096093178
8.36365299990316,18.8927632982352,77.6,2.4831009550598,0,8,"1",-0.88700735569
8.36007965537932,18.9132075794492,76.3,2.6393632422918,0,9,"1",-0.9686710238457
8.7060712713892,15.3045275586039,34.9,0,0,38,"0",NA
8.72992628458393,15.3288564250168,33.8,0,0,39,"0",NA
8.5851498460572,16.9589827778628,48.7,1.2966710709006,0,1,"1",NA
8.68263369209858,16.9775771033322,45.8,1.3761476785922,0,2,"1",NA
8.73652879942453,16.9951780856021,42.9,1.666475311938,0,3,"1",NA
8.74753642685139,17.0117756356557,40,1.4482758540651,0,4,"1",-0.6967245936394
8.79461054528717,17.0274586816282,37.2,1.555963652438,0,5,"1",NA
8.7758016137758,17.0423445524317,34.4,0.4450477146764,0,6,"1",-0.7080340981483
8.77639462821819,17.0565900077785,31.9,0.8540550858122,0,7,"1",NA
8.78924391870614,17.0703278404845,29.5,1.6929165850679,0,8,"1",-0.6897218227386
9.50083249393075,18.8149905288289,18.8,6.5324219093136,0,1,"1",NA
9.45824651803132,18.8152583038897,18.7,7.186956910171,0,2,"1",NA
9.42303722520737,18.8138036123394,18.5,9.1485082171002,0,3,"1",-0.794187605381
9.43859332477862,18.8121504179309,18.2,7.5189245501851,0,4,"1",NA
9.38579225836284,18.8104952985634,17.7,3.7063663923052,0,5,"1",-0.8784618973732
9.45092241662702,18.8074005312188,17.2,10.242006965949,0,6,"1",NA
9.55043826617761,18.8031948614657,16.6,20.507229640124,0,7,"1",-1.0975589752197
9.60434559742631,18.798953351185,15.7,18.1283394072718,0,8,"1",NA
9.65529215088443,18.7943527381359,14.8,15.8544814190457,0,9,"1",-0.839241027832
9.73024917614097,18.7898155395385,13.9,16.1863905396035,0,10,"1",-0.9106629490852
9.80357699667148,18.7857894019354,12.9,15.3178496763416,0,11,"1",-0.8854755759239
9.86920329336803,18.7819746649732,12,18.2568264318236,0,12,"1",-0.9273135662079
9.95085717979184,18.7787014779093,11.1,18.4944344759807,0,13,"1",-0.9533556699753
10.034470674852,18.7769912374871,10.3,15.5087795628192,0,14,"1",-0.9701154232025
10.0860589399785,18.7765518148717,9.7,16.4541083543621,0,15,"1",-0.9551019668579
10.7727370247391,16.6707635294021,30.6,27.0812804373417,0,65,"0",NA
10.7317091605651,16.6980601355543,28.4,25.977001001221,0,66,"0",NA
10.7123235023115,16.7230174451901,26.5,22.9758223308849,0,67,"0",NA
10.6915107365421,16.7459488784472,24.9,24.9408652150811,0,68,"0",NA
10.696641227411,16.7668508262528,23.4,30.7927547918729,0,69,"0",0.1145626306534
10.6882584706496,16.7862109313764,22,26.3837093497035,0,70,"0",NA
10.6976439592264,16.8053483934008,20.8,17.398026372887,0,71,"0",0.0678226277232
10.6387772625061,16.8258558395341,19.8,24.2074810052709,0,72,"0",NA
10.6706156397419,16.8487463018229,18.8,39.7222405949433,0,73,"0",-0.1506831794977
10.6327943558506,16.8743862549594,18,31.7364155075236,0,74,"0",NA
10.5762986594699,16.9022851898419,17.2,30.0325702651154,0,75,"0",-0.0006009818171
10.6535917177655,16.931530505725,16.6,36.1192609612007,0,76,"0",0.1304767429829
10.7007910706155,16.9609073205658,16,41.7532421577528,0,77,"0",0.0203346945345
10.7263133564149,16.9896255579614,15.6,51.7801706799604,0,78,"0",-0.0147879635915
10.7260667177369,17.0173745384764,15.3,51.8733429795449,0,79,"0",0.0186293963343
10.7173055852253,17.0444384510845,14.9,48.6425439864722,0,80,"0",0.0772641822696
10.7510400990228,17.0713264202979,14.4,55.9045471525868,0,81,"0",0.0746006667614
7.49533126576671,15.8986608387612,71.1,0.026598425421,1,32,"0",NA
7.47850860694108,15.9284074267764,71.4,0.003251883469,1,33,"0",NA
7.44973491756004,15.9570078146051,71.9,0.0053995604071,1,34,"0",NA
7.47481226777508,15.9841762973724,72.4,0.0082574364833,1,35,"0",NA
7.46905941296961,16.0098506458245,72.7,0.0088945921963,1,36,"0",-0.1815432310104
7.47533576405635,16.0343365794849,72.8,0.0189761323828,1,37,"0",NA
7.50880983729824,16.0581750375198,72.3,0.0810054266094,1,38,"0",3.39525395e-05
7.54659335731328,16.0820494217948,71.3,0.1538753360515,1,39,"0",NA
7.55357886461073,16.1064331071047,69.5,0.1709671615072,1,40,"0",0.0334480889142
6.93930950508206,15.2813856739201,154.7,4.4663756907789,0,24,"0",NA
6.95852547684883,15.275821583498,154.2,2.0848645714523,0,1,"0",NA
6.94437186558289,15.2703092379154,153.4,1.6809283313065,0,2,"0",NA
6.86304985595777,15.2682523202754,152.3,0,0,3,"0",NA
6.87867588831387,15.2700124822973,150.9,0.0411506229081,0,4,"0",-1.3819913864136
6.81928823773435,15.2865242129237,147.1,0.0006855992636,0,1,"1",-1.1110242605209
10.5187670711838,14.988208770924,5,0,1,27,"0",NA
10.6026586657696,15.0135068383973,4.5,0,1,28,"0",NA
10.6749810196052,15.0448727077156,4.2,0,1,29,"0",NA
10.7125236096329,15.0752508425637,3.9,0,1,30,"0",NA
10.7444981020486,15.1158940272477,3.8,0,1,31,"0",1.2393451929092
10.790576629128,15.1494684491993,3.6,0,1,32,"0",NA
10.7341008913034,15.183440571967,3.4,0,1,33,"0",1.2744536399841
10.7852760674151,15.191432056477,3.2,0,1,34,"0",NA
10.8531929398207,15.2087524788025,3,0,1,35,"0",1.2985215187073
10.8166508479751,15.2357260372351,2.8,0,1,36,"0",NA
10.8487785419695,15.2448524352929,2.7,0,1,37,"0",1.4067490100861
10.9069216948208,15.2301071068737,2.5,0,1,38,"0",1.5732996463776
10.9856058816567,15.2426262736042,2.3,0,1,39,"0",1.6572208404541
11.0343205644156,15.2661313864899,2.3,0,1,40,"0",1.7074854373932
11.0879209413982,15.2974252780507,2.3,0,1,41,"0",1.5865778923035
11.1334612707464,15.3390853066868,2.3,0,1,42,"0",1.6123592853546
11.0979644018881,15.392300477517,2.2,0,1,43,"0",1.6060874462128
9.11916135696307,17.4699742247578,42.9,0.9034229825588,1,82,"0",NA
9.10656235854192,17.4948329636294,42.7,0.8117282221012,1,83,"0",NA
9.11496896603752,17.5182558110361,43,1.2174586433143,1,84,"0",NA
8.26899432162353,16.6790819279159,18,0,1,14,"1",NA
8.32414460474596,16.6906558685291,18,0,1,15,"1",NA
8.36830645166949,16.7009814372607,17.8,0,1,16,"1",NA
7.54767601587958,16.8928908346307,79.6,0,0,3,"1",NA
7.56612147515821,16.9306217930073,78.3,0,0,4,"1",NA
7.54962891850764,16.9660169598183,77,0,0,5,"1",NA
7.58103116192742,16.9978462912008,75.6,0.0292269287526,0,6,"1",NA
7.61134788960587,17.0257972011953,74.1,0.1843801304686,0,7,"1",-1.7088357210159
7.68429107546252,17.0506711040566,72.5,0.1948957400807,0,8,"1",NA
7.69871148090022,17.0737433174764,70.8,0.1843868128425,0,9,"1",-1.6850067377091
7.70134580277711,17.0966864755574,69,2.5185570470028,0,10,"1",NA
7.73484694418971,17.1205837119083,67.1,10.6686588923721,0,11,"1",-1.5966376066208
7.76970516731915,17.1457490296088,65.3,8.3929274632082,0,12,"1",NA
7.80383445956696,17.1716954062167,63.4,8.4547977725864,0,13,"1",-1.3572207689285
7.85031166274283,17.1977270705944,61.6,8.6166781067081,0,14,"1",-1.6405396461487
7.86073771438928,17.2229000952653,59.8,12.4101689497929,0,15,"1",-1.5445470809937
7.90576991531061,17.2466522338994,58.1,15.4719472654496,0,16,"1",-1.6320197582245
7.9750010607598,17.2688911978786,56.6,15.3708554407762,0,17,"1",-1.3575158119202
8.05784553627583,17.2900366510925,55.1,18.9063119430643,0,18,"1",-1.4034247398377
8.10707408216484,17.3106686031826,53.8,21.7613644109164,0,19,"1",-1.4232138395309
7.25439474025693,17.1194485580287,104.9,0.0817428525808,0,28,"1",NA
7.23286115115938,17.1530340401514,103.3,0.0786667151793,0,29,"1",NA
7.21627793445347,17.185238428142,101.5,0,0,30,"1",NA
7.22125977679473,17.2153996174795,99.4,0.0066520358993,1,31,"1",NA
7.23775719844487,17.2434100440302,96.8,0.0069540491064,1,32,"1",-0.1862381845713
7.24609690204496,17.2697825947817,93.8,0.0003665806855,1,33,"1",NA
7.25709650711642,17.2952637886271,90.1,0.0001295552987,1,34,"1",-0.2085511088371
7.27888223837657,17.3208138686194,85.9,0.0010744723101,1,35,"1",NA
7.30082920100208,17.3470939490489,81.1,0.0002284751046,1,36,"1",-0.3467302918434
7.33204242639477,17.3741964427186,76.2,0.0087148338618,1,37,"1",NA
7.37352801562427,17.4019642967889,71.4,0.2467436743762,1,38,"1",-0.3429466784
7.41168990813165,17.4304493490045,66.9,0.7747488331958,1,39,"1",-0.2493649423122
7.4579077593654,17.4596536999361,63,1.091272826934,1,40,"1",-0.3558988273144
7.50663455942763,17.489543978053,59.5,1.196954170702,1,41,"1",-0.2792703509331
7.52164421336798,17.5201390424836,56.8,2.2998718370639,1,42,"1",-0.4421357512474
7.57172522190651,17.5513622152336,54,2.1718495110538,1,43,"1",-0.3729367256165
7.59433844067059,17.5829734401364,51.6,2.2337556669458,1,44,"1",-0.348711758852
8.94034944987457,17.8731544477282,28,0.3057164920394,1,1,"1",NA
9.44201392782944,18.0081247800427,14.4,1.7701950080756,0,1,"1",-0.1189612522721
7.11226799232029,15.1951143369724,87.1,0.0802288914717,0,29,"0",NA
6.92582928511911,15.2179060966163,86,0,0,30,"0",NA
7.04144366368888,15.2419007299969,84.8,0,0,31,"0",NA
7.09081060626561,15.2680663301941,83.4,0,0,32,"0",NA
7.14683629285524,15.2967145641397,82,0,0,33,"0",-0.7312496304512
7.25064735303616,15.327236628912,80.4,0,0,34,"0",NA
7.19601673298885,15.3585998854165,78.8,0.3582762320933,0,35,"0",-0.7275117635727
7.18966399143166,15.3894671888476,77,0.4371121847087,0,36,"0",NA
7.15226129254249,15.4190042384049,75.3,0.4830205276002,0,37,"0",-0.7018173336983
7.10780740859263,15.4470562818521,73.6,0.3244190880117,0,38,"0",NA
7.07158042267424,15.4740189762208,71.8,0.2675551382667,0,39,"0",-0.7837296724319
7.09363932588568,15.5003158348988,70.1,0,0,40,"0",-0.9295806288719
7.08839492157017,15.526529492761,68.4,0,0,41,"0",-1.1149599552155
7.07362238194375,15.5530369773584,66.7,0,0,42,"0",-1.0798827409744
7.08652071113631,15.5798632011215,65.1,0,0,43,"0",-0.9426322579384
7.08219598115043,15.606834098856,63.5,0.7111195760542,0,44,"0",-0.9231721758842
7.07716200660025,15.6338788514564,62,7.8504003979186,0,45,"0",-0.8251987099648
8.702637644192,15.9676476909288,41.1,3.4407896870498,0,36,"0",NA
8.70340376979499,15.9885435305181,39.4,2.8999262561024,0,37,"0",NA
8.71533595148634,16.0079008020525,37.6,2.2815607068454,0,38,"0",NA
8.72116168721756,16.0253195077695,35.8,2.1396400942538,0,39,"0",NA
8.77471760859435,16.0407865452547,33.8,2.533633914016,0,40,"0",-0.3034030497074
8.81395211922195,16.0545328669677,31.8,1.9867317070026,0,41,"0",NA
8.84847495246121,16.0667386703323,29.9,1.1246017571114,0,42,"0",-0.2351598441601
8.89633444593567,16.0776633721557,28,1.7758681323596,1,43,"0",NA
8.93246726231251,16.0875536565417,26.3,3.1936372552565,1,44,"0",-0.2158194184303
8.96084714173868,16.096432796512,24.7,2.3751839236625,1,45,"0",NA
8.965983506512,16.104435372753,23.3,2.3604162916008,1,46,"0",-0.1219748556614
9.00432566262727,16.1120451837419,21.9,2.1571707717791,1,47,"0",-0.1432530283928
9.05700755068965,16.1198542037975,20.7,2.6870741745494,1,48,"0",0.0473620593548
9.08284138980694,16.128291694196,19.6,4.0385418003307,1,49,"0",-0.0129395881668
9.12472683346322,16.1375193829533,18.5,4.4023744118212,1,50,"0",0.11364787817
9.17971863987443,16.1474687077949,17.5,5.9634050571095,1,51,"0",0.0857512280345
9.21067026684775,16.1580215000602,16.6,11.0398722075836,1,52,"0",0.0725157782435
11.5444683100163,14.5510651955343,12.8,20.460586878216,0,21,"0",NA
11.5007383719378,14.6073281754266,12.3,17.5250465252375,0,22,"0",NA
11.5139394322156,14.6608147179653,11.8,14.2019525704547,0,23,"0",NA
11.528374753356,14.7111168338456,11.3,14.0422758888659,0,24,"0",NA
11.5360435706514,14.7598132652921,10.9,17.1215099387157,0,25,"0",0.688413977623
11.5658132407183,14.8087660346714,10.5,14.4480398768016,0,26,"0",NA
11.5188337363586,14.8586612277155,10.2,8.3809273427508,0,27,"0",0.745997607708
11.4959348926935,14.9101690406326,9.9,11.1270059152352,0,28,"0",NA
11.5446607963814,14.9644752818841,9.6,18.5802715713354,0,29,"0",0.6768382191658
11.5057394001442,15.0172905598553,9.3,14.145689127943,0,30,"0",NA
11.4767354796103,15.0703376803417,9.1,12.7599229045433,0,31,"0",0.7262750267982
11.4963066655676,15.1351126135506,8.9,15.6515959150305,0,32,"0",0.5707978010178
11.4992306536774,15.223549532054,8.6,18.5325612625204,0,33,"0",0.4443080723286
11.4330758713727,15.3371139183295,8.4,21.9452371999955,0,34,"0",0.3983429968357
11.3918001962933,15.4722197673871,8.2,24.2127889308949,0,35,"0",0.3199202120304
11.2807796736097,15.6145876876872,8,22.0570889373316,0,36,"0",0.2850381433964
11.1805845691561,15.7462023501661,7.8,25.1551411024959,0,37,"0",0.4243076443672
6.68227959573895,16.7415115982236,100.7,0,0,6,"0",NA
6.72942753658688,16.7743413708186,99.9,0,0,7,"0",NA
6.75922463403777,16.8066138342226,100.3,0,0,8,"0",NA
6.83651565670441,16.8383856593902,101.6,0,0,9,"0",NA
6.89212875493047,16.8696116403124,103.4,0,0,10,"0",-0.5803903341293
6.91104218348189,16.9004403213876,105,0,0,11,"0",NA
6.92804507271704,16.9313249555777,105.4,3.73368429e-05,0,12,"0",-0.5284762382507
6.9740262332312,16.9628042334855,104.3,0,0,13,"0",NA
6.97256659438335,16.995199467508,101.6,0.0001008369602,0,14,"0",-0.7861758470535
6.98973869935764,17.0285651522993,97.5,0,0,15,"0",NA
7.03932255138892,17.0627035602079,92.5,7.46933647e-05,0,16,"0",-0.6100842952728
7.06739536553509,17.0973544214076,86.7,0.0002225870458,0,17,"0",-0.4921862185001
7.09842320006692,17.132182053063,80.5,0.0672037883461,0,18,"0",-0.6303878426552
7.1250514442792,17.1669552123417,74.4,0.0856569232417,0,19,"0",-0.5808566212654
7.19280884514711,17.2016167042727,68.6,0.1515211947412,0,20,"0",-0.3265081048012
7.23899844031005,17.2361996362357,63.3,0.1535589812367,0,21,"0",-0.35958725214
7.28801253338427,17.270687662332,58.9,0.1773000228278,0,22,"0",-0.3514537811279
9.68964315090332,17.1201664954605,15.4,22.9811955626432,0,1,"1",-1.424684882164
9.75707118150472,17.1366528568763,15,18.8585974561682,0,2,"1",-1.5744304656982
9.79239388161651,17.1527630555848,14.8,18.8286543072551,0,3,"1",-1.6235281229019
7.41860665950822,18.041615570618,33.9,4.7991601043264,0,38,"0",NA
7.47894218780692,18.0589142888122,32.4,3.9129145503027,0,39,"0",NA
7.5468402976963,18.0757155440019,31,3.2053115005496,0,40,"0",NA
7.62156564358653,18.0921141750271,29.5,2.9575540614441,0,41,"0",NA
7.69485781225298,18.108114273854,28.2,3.5389545702001,0,42,"0",-0.4824266135693
7.75762595105774,18.1237143721325,26.9,3.3091809798526,0,43,"0",NA
7.79832040178301,18.1390642386982,25.7,2.045853199732,0,44,"0",-0.4537449479103
7.82995160818912,18.1540645528429,24.6,4.0021898131285,0,45,"0",NA
7.882209032524,18.1674761017708,23.6,7.2761388849057,0,46,"0",-0.3624379336834
7.92962909926489,18.1801430376427,22.8,5.119162143925,0,47,"0",NA
7.97932140609328,18.1917416810572,22,4.9040815390868,0,48,"0",-0.6433960795403
8.03441526713128,18.2033626914226,21.3,5.0882196419765,0,49,"0",-0.5810016989708
8.09510436068502,18.2153329054672,20.6,7.3612197608474,0,50,"0",-0.5679130554199
8.15619722841857,18.2270001164971,20.2,9.2444466508198,0,51,"0",-0.3248107433319
8.212556390486,18.2380935518805,19.8,8.8838449084533,0,52,"0",-0.520868062973
8.27059301122765,18.2489251700431,19.4,7.6260145425382,0,53,"0",-0.4924903213978
8.31503383927243,18.2595573108846,19.1,8.5453407593263,0,54,"0",-0.4651268720627
7.65696097603911,16.0841849268268,103,3.9482601626001,1,1,"1",NA
7.62417536077081,16.1131056214442,101.3,0,1,2,"1",-0.3708848953247
7.64094981077134,16.1417842474981,99,0,1,3,"1",NA
7.65111217254728,16.1698548318039,95.7,1.0443210380774,1,4,"1",-0.4819240868092
7.67548242003393,16.197287997177,91,0,1,5,"1",NA
7.69255222720754,16.2242926266859,85,0,1,6,"1",-0.3107055425644
7.73293863084025,16.2510504774005,78.8,0.7766928104616,1,7,"1",-0.3904315531254
7.77414141032053,16.2778090586576,72.6,7.0531619196061,1,8,"1",-0.4896250069141
7.81705443372703,16.3047541230583,66.9,9.5915337040039,1,9,"1",-0.5200992226601
7.86600634333176,16.3318711386689,63.1,18.0576454768582,1,10,"1",-0.539625108242
7.9189408489821,16.3591556597113,61.3,18.6510112950964,1,11,"1",-0.5252390503883
7.966174481337,16.3867873166735,58.4,14.5530016581677,1,12,"1",-0.4080009460449
7.77193989954374,16.1841518947719,52.6,6.529470080628,1,12,"0",NA
7.76175020439968,16.2048012812122,54.2,5.2241502368848,1,13,"0",NA
7.83090329511362,16.2239813486839,55.8,5.285506505183,1,14,"0",NA
7.81435145838546,16.2421121956432,57.5,3.1484308283461,1,15,"0",NA
7.89560319694303,16.2594443337947,58.8,3.4263453966331,1,16,"0",-0.8142384886742
7.90554700800862,16.2759534793826,59.8,2.7954107941509,1,17,"0",NA
7.91846080072558,16.291483420044,60.3,0.0845745808867,1,18,"0",-0.6565638780594
7.89595150593859,16.3057808808387,60.4,0.2147115846417,1,19,"0",NA
7.85189408975511,16.3187687009632,60.6,0.5053085970578,1,20,"0",-1.3405812978745
7.85448162874993,16.330474672049,60.7,0.2127573560337,1,21,"0",NA
7.75052832017468,16.3412812013906,61,0.4595731946765,1,22,"0",-1.5928598642349
7.55364528685111,16.3518939978035,61.2,1.2542034847073,1,23,"0",-1.7008482217789
7.48251202208123,16.3631972305125,61.8,2.5326089313136,1,24,"0",-1.8016613721848
7.41106639135459,16.3758363199861,62.3,2.6904575969149,1,25,"0",-1.8182977437973
7.36170095187053,16.3899735172634,62.8,5.0501586163775,1,26,"0",-1.7400261163712
7.30893628117661,16.4055208654249,62.8,6.8494548270371,1,27,"0",-1.7985332012177
7.09751338822335,16.4225219284975,62,3.8283563646177,1,28,"0",-1.7816226482391
7.00606016021019,15.5491356666831,103.8,0,0,5,"0",NA
6.92233906991006,15.5684248968323,103.8,0,0,6,"0",NA
6.64400896780737,15.6257804801214,99.6,0,0,1,"1",NA
6.67833968737544,15.6378561332917,97.6,0,0,2,"1",-1.2260230779648
6.65333273526034,15.6527117343889,95.3,0,0,3,"1",NA
6.62552005244548,15.6719188547459,92.8,0,0,4,"1",-1.3541318178177
6.62192337786176,15.6958651355283,90.2,0,0,5,"1",NA
6.63749024679449,15.7238032451148,87.6,0.040744998635,0,6,"1",-1.2478617429733
6.59428068937417,15.7547000309267,84.6,0.1233063503426,0,7,"1",-1.3978366851807
6.92267443884846,16.1149181079113,85.3,0,1,14,"0",NA
6.97553618973802,16.1491461555924,86.1,0,1,15,"0",NA
7.00571639790881,16.1814044788329,86.7,0,1,16,"0",NA
7.02821953478762,16.2116108571245,87.1,0,1,17,"0",-1.1943688392639
7.05455737720178,16.2399486154293,86.9,0,1,18,"0",NA
7.07706145600451,16.2663207232853,85.9,0,1,19,"0",-1.159138917923
7.16523192134171,16.2906728856778,83.6,0,1,20,"0",NA
7.22691348157872,16.3130334538407,79.6,0,1,21,"0",-1.0591294765472
7.28487453273798,16.3334064461745,74,0,1,22,"0",NA
7.33003686927688,16.3519598502167,67.9,0,1,23,"0",-1.1430515050888
7.39453358934294,16.3690974525988,62.4,0,1,24,"0",-1.2531762123108
7.47670893184655,16.3853232241916,57.5,0,1,25,"0",-1.2797294855118
7.58542894872266,16.4010315531417,53.4,0,1,26,"0",-1.2339353561401
7.67244732645956,16.4163087519624,49.9,0,1,27,"0",-1.2345374822617
7.75479318231425,16.4312037011688,46.7,0,1,28,"0",-1.1422437429428
7.80477273233885,16.4459961838403,43.6,0,1,29,"0",-1.1483044624329
6.71395847453634,14.9455591732473,114.2,0.0091252507037,0,11,"0",NA
6.69008883900162,14.9727759576705,114.5,0.0132942905289,0,12,"0",NA
6.71360616103465,15.2154701234207,109,0.0015110865632,0,1,"1",-1.5847222805023
6.70483561172956,15.2332817835803,108.1,0.0039549165897,0,2,"1",-1.4532951116562
6.73371147365375,15.2510135671056,106.9,0.0057615674508,0,3,"1",-1.538241147995
6.76128866139729,15.2684817773484,106,0.0063078717747,0,4,"1",-1.5683708190918
6.76547847049835,15.2846251504803,104.7,0.0334216594059,0,5,"1",-1.4147864580154
7.10761996810146,15.6638218960099,108.9,0,0,2,"0",NA
6.90470618359873,15.6958306617957,107.9,0,0,3,"0",NA
6.96876402283057,15.7283266617352,107,0,0,4,"0",NA
6.94785650492838,15.7615238445579,106,0,0,5,"0",NA
6.93599506413104,15.795288381931,105.1,0,0,6,"0",-1.2561113834381
6.9567638060176,15.8295133067168,104,0,0,7,"0",NA
6.98908586558479,15.864397269031,102.9,0,0,8,"0",-1.1928540468216
6.94646199475042,15.9001692167907,101.6,0,0,9,"0",NA
6.90091491913004,15.9368805618032,100.3,0,0,10,"0",-1.0917756557465
6.97349410302933,15.9745730260727,98.9,0,0,11,"0",NA
7.01664331295933,16.01292278436,97.5,0,0,12,"0",-1.0489382743835
7.11567562359788,16.0512291956166,96.1,4.9086743092099,0,13,"0",-1.3354890346527
7.36813345067879,16.088671268682,94.7,33.6270093357697,0,14,"0",-1.4067101478577
7.49187240580037,16.1247741997213,93.2,35.0160777810259,0,15,"0",-1.5109516382217
7.46371745834897,16.1593908455018,91.7,32.7955968621059,0,16,"0",-1.5485577583313
7.46249465694218,16.192804899452,90.1,29.9404891373361,0,17,"0",-1.5388549566269
7.45986823273558,16.2255015633653,88.5,31.4020579346349,0,18,"0",-1.616698384285
7.34237296548928,14.9422058030675,77.9,0.0443386145648,0,1,"0",NA
7.36902856000791,14.9437331038608,74.1,0.0215901909253,0,2,"0",NA
7.44912890013792,14.9521823088717,70.5,0.0342501937577,0,3,"0",-0.6551316976547
7.51091667287862,14.9665097095225,67.1,0.0960477592175,0,4,"0",NA
7.50879439106257,14.9862025489511,63.9,0.0236201677363,0,5,"0",-0.4238193035126
7.48501318435078,15.0101185489882,60.9,0,0,6,"0",NA
7.42604129074438,15.0371663918843,58.2,0.0041679383537,0,7,"0",-0.5635291934013
7.47968766973932,15.0674514743817,55.7,0.0026291608202,0,8,"0",NA
7.47624810892535,15.1005025469011,53.4,0,0,9,"0",-0.5620814561844
7.41570438213801,15.1341321580108,51.1,0,0,10,"0",-0.6582244038582
7.39842858552883,15.1658209420444,49,0.0109730362937,0,11,"0",-0.8641899228096
7.39564171795708,15.1940264954321,47,0.0123886227635,0,12,"0",-1.0416393280029
7.36159913845344,15.2183296308609,45.2,0.0233223514441,0,13,"0",-1.1889647245407
7.35467469523489,15.2394214616281,43.5,0.0267987149905,0,14,"0",-1.2778031826019
7.23280799252311,15.2583355247827,41.9,0.0360284704212,0,15,"0",-1.3022181987763
8.14022021911368,15.3993229227594,39.7,0.4512902480692,0,1,"0",NA
7.78581000072509,15.4070085072657,39.2,0.3183464211695,0,1,"0",NA
7.68612555720935,15.3968781598033,38.5,0.2908511046915,0,2,"0",NA
7.73839034813796,15.3702810690561,37.7,0.3739673070851,0,3,"0",NA
7.86977088650442,15.3450607507136,36.8,0.3594655802373,0,4,"0",-1.2563259601593
7.98826363496908,15.3265856359815,35.6,0.4010520068517,0,5,"0",NA
8.02866429220158,15.3167617425404,34.3,0.1120342853732,0,6,"0",-1.2419942617416
8.06473838177835,15.308976294146,32.7,0.2807669586356,0,7,"0",NA
8.09066559683251,15.3012655646858,31,0.5965650564012,0,8,"0",-0.9332338571548
8.14484736718843,15.294019403072,29.2,0.6789933156815,0,9,"0",NA
8.20486522109701,15.2872943050996,27.3,0.4915147279257,0,10,"0",-1.0561673641205
8.32268473531957,15.2743581117659,25.5,0.8683156272543,0,11,"0",-0.898305773735
7.8940692561085,15.323004334486,53.5,0.473395348055,0,1,"0",NA
7.72584399133227,15.3232921966684,52.9,0.4604609985073,0,2,"0",NA
7.50198969457156,15.3229378929822,51.9,0.9618978138598,0,3,"0",NA
7.43624213026736,15.3329208969417,50.6,0.4349588364711,0,4,"0",NA
7.489889312247,15.3477217939843,49.1,0.5904459162488,0,5,"0",-0.7254732847214
7.56984297380369,15.3623068157382,47.4,1.4770622716746,0,6,"0",NA
7.57549897137939,15.3776471972804,45.6,0.4757698237143,0,7,"0",-0.7019391655922
7.59654375706937,15.392507919906,43.9,0.3085080225716,0,8,"0",NA
7.63747798850443,15.4044191791459,42.1,1.0642180237128,0,9,"0",-0.8710806965828
7.67983761352841,15.4139077452814,40.4,0.9019206061397,0,10,"0",NA
7.6704850736441,15.4230867384504,38.8,2.0847613648394,0,11,"0",-0.8053126335144
7.72794237429076,15.4335711876893,37.2,3.7552181346761,0,12,"0",-0.7409121990204
7.78375096242095,15.4456722419384,35.7,4.1938663991562,0,13,"0",-0.8140251040459
7.77071529287606,15.4569508865239,34.2,4.0743316668914,0,14,"0",-1.1144231557846
7.79052209991272,15.467701399464,32.8,4.5920958564191,0,1,"0",-1.3136246204376
7.86296129953978,15.477237269107,31.3,3.6835252523402,0,2,"0",-1.3184989690781
7.93413190835436,15.4867394705546,29.6,6.3070511596221,0,3,"0",-1.3715631961823
7.42619755670709,15.3201129280291,105.2,0,0,17,"0",NA
7.45713914639476,15.3466149678678,102.4,0,0,18,"0",NA
7.51055860705758,15.3716278592343,99.6,0,0,19,"0",NA
7.55525148945802,15.3948856791757,96.6,0,0,20,"0",NA
7.60077813228593,15.4163475886291,93.7,0,0,21,"0",-1.0479496717453
7.64739938579839,15.4361888598571,90.8,0,0,22,"0",NA
7.66784203262846,15.4546554170058,88,0,0,23,"0",-0.9162353277206
7.72093826993281,15.4720770644482,85.2,0,0,24,"0",NA
7.76065295254422,15.488731206002,82.5,0,0,25,"0",-0.9881362915039
7.80070149414011,15.5046036568414,79.8,0,0,26,"0",NA
7.84304448703925,15.5197627090624,77.2,0,0,27,"0",-1.154668211937
7.88707031803041,15.5346376837116,74.6,0.7166223883834,0,28,"0",-1.2727328538895
7.93359799110413,15.5497477236231,72,0.7912368258729,0,29,"0",-1.121744632721
7.98659882839582,15.5654103416792,69.6,3.7160284577342,0,30,"0",-1.1791281700134
8.05284565340941,15.5818421276781,67.2,10.9905187036573,0,31,"0",-1.0152401924133
8.10904279171734,15.5988659785617,65,9.8362380257536,0,32,"0",-0.9570118188858
8.16731647703863,15.6159307479779,62.7,10.034966231723,0,33,"0",-0.8692254424095
7.32580613169336,14.3266087445816,72.6,0,0,6,"0",NA
7.34055892625001,14.3463517275342,73.1,0,0,7,"0",NA
7.92269136372027,14.5769913927752,69.6,5.830968127169,0,14,"0",NA
7.95288593828027,14.6038729138158,69.3,4.9657753550978,0,15,"0",NA
7.89417736930403,14.6314959750942,69.3,4.084347511585,0,16,"0",NA
7.95922133118194,14.6601226721045,69.3,4.7830332258354,0,17,"0",NA
7.98607154680376,14.6898307192905,69.4,5.8117521085268,0,18,"0",-0.5036233067513
7.91423911036784,14.7203754629762,69.5,6.6852908998944,0,19,"0",NA
7.91071464679642,14.75129916482,69.5,11.5665426919351,0,20,"0",-0.4816840589046
7.95427311982732,14.7820391674696,69.5,8.0422167188017,0,21,"0",NA
7.91977630208004,14.8122226335126,69.4,10.772341435795,0,22,"0",-0.4236262142658
7.91007439353936,14.8418134099898,69.3,11.2454282711188,0,23,"0",NA
7.88756913674043,14.8709466943671,69.1,9.8157467148869,0,24,"0",-0.5234948992729
7.91685419590919,14.8997253651807,68.9,9.9709939926824,0,25,"0",-0.5244781970978
7.94416656813945,14.9282962609041,68.4,11.6075164873775,0,26,"0",-0.7285796999931
8.00158638872455,14.9567735680119,67.7,23.853979610506,0,27,"0",-0.7111108899117
8.14611796084349,14.9850946919915,66.8,34.362342348506,0,1,"0",-0.7846488952637
8.14573775491896,15.0132635593568,65.8,50.4090169441387,1,2,"0",-0.7030960321426
7.37643132646446,17.0324093497899,52.1,0,0,1,"1",-0.5560039877892
7.40791507398895,17.046688362233,49.6,0,0,2,"1",-0.7425212860107
7.42912830999319,17.0596753834018,47.3,0,0,3,"1",-0.8157675862312
7.45057563338346,17.0713205607785,45.1,0,0,4,"1",-0.6230243444443
6.8708516772925,15.7178943148628,100.9,0,0,19,"0",NA
6.84813650455275,15.656045746813,107.8,0,0,20,"0",NA
6.1979425468674,15.608118833521,127.3,0,0,21,"0",NA
6.51261383237897,15.5952106037662,123,0.0021957899122,0,1,"0",NA
6.60150625255588,15.626282800152,117.7,0.0001027676558,0,2,"0",-1.5021523237228
6.6667482805848,15.6907502046067,122.6,6.55727234e-05,0,3,"0",NA
6.67244960810816,15.7699291218665,125,0,0,4,"0",-1.3518000841141
6.64142489544025,15.8427688040598,118.7,0,0,5,"0",NA
6.66629823855339,15.8981598243897,115.6,0,0,6,"0",-1.2231469154358
6.71083339088031,15.935302703077,108,0,0,7,"0",NA
6.81017372886572,15.9598270876079,99.3,0.0004150877304,0,8,"0",-0.8555389642715
6.81527595754552,15.9765719475932,90,0.0010482552357,1,9,"0",-0.803570330143
6.87102460835069,15.9923553147937,80.4,0.000656167591,1,10,"0",-0.8192313313484
6.9412996726941,16.0118163800408,71.9,0.0013791461474,1,11,"0",-0.9166066646576
7.00598981438183,16.0354290037645,64.3,0.0040583147509,1,12,"0",-0.6754202842712
7.05427644926265,16.0612503410374,57.8,0.0138246153845,1,13,"0",-0.5771250128746
7.13283814443375,16.0884782540001,52.5,0.1366660183573,0,14,"0",-0.4772869348526
8.58875692582215,13.7168321119148,51.1,0,0,24,"0",NA
8.59968313692535,13.7364944065349,53.4,0,0,25,"0",NA
8.60438020960332,13.7555206097,56.7,0,0,26,"0",NA
8.63151591704675,13.7755132233186,60.5,0,0,27,"0",NA
8.64762375371964,13.7971062325881,64.3,0,0,28,"0",-0.4740248024464
8.65578880221974,13.8194975991417,67.8,0,0,29,"0",NA
8.6598064408658,13.8411870766042,71,0,0,30,"0",-0.5341223478317
8.669946088726,13.8601291761791,73.9,0,0,31,"0",NA
8.67236047442523,13.8751634136513,76.2,0,0,32,"0",-0.5993407964706
8.67211531326617,13.8859009857477,77.9,0,0,33,"0",NA
8.7075528079363,13.893332339668,79,0,0,34,"0",-0.6700519919395
8.73966067811114,13.8992927266686,79.7,0,0,35,"0",-0.7338958382607
8.76823803311295,13.9063133218879,79.4,0,0,36,"0",-0.8655477166176
8.81666309289649,13.9161456262614,78.5,0,0,37,"0",-0.9011784791946
8.86170565943394,13.9292980665672,72.1,0,0,38,"0",-0.6773952245712
8.88923781484482,13.9451641917911,71.3,0,0,39,"0",-0.7558658719063
8.87960582404465,13.9629792486575,71.1,0,0,40,"0",-0.6456985473633
7.74422627908024,15.5207995947749,89.5,0.5208105258562,0,1,"0",NA
7.5486736782993,15.5372255315139,92.5,0.4126569281475,0,2,"0",NA
7.29393999169988,15.5524322127951,93.6,0.3176676409009,0,3,"0",NA
7.14671725838534,15.5672657538026,92.6,0.3445696824821,0,4,"0",NA
6.94938780654345,15.5818735836377,90.1,0.4789361885735,0,5,"0",-1.6481573581696
6.95186186449324,15.596256601454,86.7,0.5483248745222,0,6,"0",NA
6.98888303153946,15.6108786748508,82.9,0.1340751682398,0,7,"0",-1.5356557369232
7.0098569482381,15.6262366842477,78.6,0.136752724216,0,8,"0",NA
7.07315845995738,15.6426701498938,74.1,0.397292768969,0,9,"0",-1.3904182910919
7.15259882559728,15.6603565045326,69.5,0.3858021998895,0,10,"0",NA
7.23627974282042,15.6792321749011,64.9,0.5000668872775,0,11,"0",-1.1889708042145
7.32080133645748,15.699070570573,60.7,0.7012992296632,0,12,"0",-1.0279349088669
7.39837284554735,15.7195328172538,56.9,0.6889421938582,0,13,"0",-1.1701459884644
7.44238794801925,15.740368659523,53.8,0.5983026813586,0,14,"0",-1.0913498401642
7.48891499844109,15.7615002752825,51.2,0.8773480671227,0,15,"0",-1.1785243749619
7.54256633319942,15.7829564254828,49.1,0.8092625079503,0,16,"0",-1.2926676273346
7.59684080312603,15.8047166217314,47.3,0.6989506069706,0,17,"0",-1.2857711315155
8.75981563387104,15.1764468538793,68.9,42.1312492777147,0,1,"0",NA
8.74665256392443,15.2044985380332,69.3,47.6322541041975,0,2,"0",NA
8.53102875502738,15.2301734501271,69.9,31.8454737108139,0,3,"0",NA
8.43401820799131,15.2524600098631,70.4,30.2636729631298,0,4,"0",NA
8.48015113174833,15.2711779849547,70.7,43.7816374346476,0,5,"0",-1.4873911142349
8.34342944102207,15.2868613447344,70.6,31.7874459767712,0,6,"0",NA
8.39871020828749,15.3001733721453,70,8.2887778865662,0,7,"0",-1.4210467338562
8.53957139553909,15.3120332675957,68.8,21.585863734625,0,8,"0",NA
8.58168594428829,15.3231662118026,67.3,67.7149740841715,0,9,"0",-1.3283442258835
8.6136461062502,15.3337275182943,65.7,80.9201051542295,0,10,"0",NA
8.6062032735658,15.3437388488122,64.1,57.7108465294663,0,11,"0",-1.4100158214569
8.6284958708376,15.3536116396984,62.6,54.3551474453137,0,12,"0",-1.4218921661377
8.66710577087616,15.3637957841805,60.9,50.732197748455,0,13,"0",-1.6340464353561
8.77884457067342,15.3746317516372,59.5,60.6740049490615,0,14,"0",-1.6143561601639
8.87131038547657,15.3862294713655,57.9,62.7909752763192,0,15,"0",-1.6405112743378
8.96380133290015,15.3986326260799,56.3,54.8374981474599,0,16,"0",-1.5719102621079
9.08756617090235,15.412017626225,54.8,52.644016713702,0,17,"0",-1.471751332283
7.86128476381834,16.8811885822049,59.1,7.1846861718938,0,1,"0",NA
7.81529155266641,16.9039131663596,58.9,9.7043574900889,0,2,"0",NA
7.74225973877855,16.9235442036054,58.6,8.8095476197696,0,3,"0",NA
7.71515021498894,16.9416129826801,58.1,7.0546061952968,0,4,"0",NA
7.71288047210695,16.9607398426642,57.4,9.4702923614444,0,5,"0",-1.2391786575317
7.74472119831592,16.9795922307453,56.6,8.468785391213,0,6,"0",NA
7.77072747138669,16.9956871336932,55.5,3.8645898429531,0,7,"0",-1.2753611803055
7.80204956383458,17.0064662172922,54.2,3.356602190059,0,8,"0",NA
7.82550788030461,17.0203036855018,52.5,11.9463370058214,0,9,"0",-1.2247580289841
7.85399013838477,17.032963370831,50.6,20.1748516479382,0,10,"0",NA
7.88097253631508,17.0452016860238,48.5,17.0953374909613,0,11,"0",-1.4769406318665
7.91047772718759,17.0568384384682,46.4,19.6071020257774,0,12,"0",-1.3096141815186
7.97311943318878,17.0683761306188,44.2,17.2115683469122,0,13,"0",-1.3178998231888
8.02914457947114,17.0800096328569,42.1,18.6386756134247,0,14,"0",-1.4624329805374
8.08740087955152,17.0922117964009,40,28.0250669522153,0,15,"0",-1.4468262195587
8.16775927017796,17.1064465453689,37.9,23.6432506774727,0,16,"0",-1.2215149402618
8.23788369279221,17.1224998189984,35.8,26.8387588825621,0,17,"0",-1.1660352945328
